<ImportExportXml xmlns:xsi="http://www.w3.org/2001/XMLSchema-instance" OrganizationVersion="9.2.25021.188" OrganizationSchemaType="Standard" CRMServerServiceabilityVersion="9.2.25021.00188">
  <Entities></Entities>
  <Roles></Roles>
  <Workflows></Workflows>
  <FieldSecurityProfiles></FieldSecurityProfiles>
  <Templates />
  <EntityMaps />
  <EntityRelationships />
  <OrganizationSettings />
  <optionsets />
  <CustomControls />
  <EntityDataProviders />
  <Connectors>
    <Connector>
      <connectorid>fc3f4fe9-fd98-4dd2-a37f-617b175e3b4f</connectorid>
      <description>Search for local foodbanks using the GiveFood public API</description>
      <displayname>GiveFood</displayname>
      <iconbrandcolor>#007ee5</iconbrandcolor>
      <name>crbe0_5Fgivefood</name>
      <connectortype>1</connectortype>
      <openapidefinition>/Connector/crbe0_5Fgivefood_openapidefinition.json</openapidefinition>
      <connectionparameters>/Connector/crbe0_5Fgivefood_connectionparameters.json</connectionparameters>
      <policytemplateinstances>/Connector/crbe0_5Fgivefood_policytemplateinstances.json</policytemplateinstances>
      <iconblob>/Connector/crbe0_5Fgivefood_iconblob.Png</iconblob>
    </Connector>
  </Connectors>
  <connectionreferences>
    <connectionreference connectionreferencelogicalname="crbe0_agent_wZHagi.shared_crbe0-5fgivefood-5f778f1884fca3c191.shared-crbe0-5fgivef-2cb9c633-d909-4ab0-9e8a-55b14c0cb468">
      <connectionreferencedisplayname>crbe0_agent_wZHagi.shared_crbe0-5fgivefood-5f778f1884fca3c191.shared-crbe0-5fgivef-2cb9c633-d909-4ab0-9e8a-55b14c0cb468</connectionreferencedisplayname>
      <connectorid>/providers/Microsoft.PowerApps/apis/shared_crbe0-5fgivefood-5f778f1884fca3c191</connectorid>
      <customconnectorid>
        <connectorid>fc3f4fe9-fd98-4dd2-a37f-617b175e3b4f</connectorid>
      </customconnectorid>
      <iscustomizable>0</iscustomizable>
      <promptingbehavior>0</promptingbehavior>
      <statecode>0</statecode>
      <statuscode>1</statuscode>
    </connectionreference>
  </connectionreferences>
  <Languages>
    <Language>1033</Language>
  </Languages>
</ImportExportXml>