{"swagger":"2.0","host":"www.givefood.org.uk","basePath":"/api/2","schemes":["https"],"info":{"title":"GiveFood","description":"Search for local foodbanks using the GiveFood public API","version":"1.0.0"},"paths":{"/foodbanks/search/":{"get":{"summary":"Search for foodbanks","description":"Search for foodbanks based on an address","produces":["application/json"],"parameters":[{"in":"query","name":"address","description":"The address to search for foodbanks","required":true,"type":"string"}],"responses":{"200":{"description":"A list of foodbanks","schema":{"type":"array","items":{"type":"object","properties":{"name":{"description":"The name of the foodbank","type":"string"},"alt_name":{"description":"An alternative name for the foodbank","type":"string"},"slug":{"description":"The slug identifier for the foodbank","type":"string"},"phone":{"description":"The primary phone number for the foodbank","type":"string"},"secondary_phone":{"description":"The secondary phone number for the foodbank","type":"string"},"email":{"description":"The email address for the foodbank","type":"string"},"address":{"description":"The address of the foodbank","type":"string"},"postcode":{"description":"The postcode of the foodbank","type":"string"},"lat_lng":{"description":"The latitude and longitude of the foodbank","type":"string"},"distance_m":{"format":"float","description":"The distance from the search address in meters","type":"number"},"distance_mi":{"format":"float","description":"The distance from the search address in miles","type":"number"},"needs":{"type":"object","properties":{"id":{"description":"The ID of the needs","type":"string"},"needs":{"description":"The list of needs","type":"string"},"excess":{"description":"The list of excess items","type":"string"},"found":{"format":"date-time","description":"The date and time when the needs were found","type":"string"},"number":{"description":"The number of needs","type":"integer"}}},"urls":{"type":"object","properties":{"self":{"description":"The URL to the foodbank's API endpoint","type":"string"},"html":{"description":"The URL to the foodbank's HTML page","type":"string"},"homepage":{"description":"The URL to the foodbank's homepage","type":"string"},"shopping_list":{"description":"The URL to the foodbank's shopping list","type":"string"},"map":{"description":"The URL to the foodbank's map","type":"string"}}},"charity":{"type":"object","properties":{"registration_id":{"description":"The charity registration ID","type":"string"},"register_url":{"description":"The URL to the charity's registration page","type":"string"}}},"politics":{"type":"object","properties":{"parliamentary_constituency":{"description":"The parliamentary constituency","type":"string"},"mp":{"description":"The name of the MP","type":"string"},"mp_party":{"description":"The party of the MP","type":"string"},"mp_parl_id":{"description":"The parliamentary ID of the MP","type":"integer"},"ward":{"description":"The ward","type":"string"},"district":{"description":"The district","type":"string"},"urls":{"type":"object","properties":{"self":{"description":"The URL to the constituency's API endpoint","type":"string"},"html":{"description":"The URL to the constituency's HTML page","type":"string"}}}}}}}}},"400":{"description":"Invalid address supplied"},"500":{"description":"Internal server error"}},"x-ms-openai-data":{"openai-enabled":true,"operations":[{"x-ms-require-user-confirmation":false,"summary":"Search for foodbanks","description":"Search for foodbanks based on an address"}]},"operationId":"getfoodbanks"}}},"x-ms-openai-manifest":{"humanName":"GiveFood","modelDescription":"API for searching foodbanks","contactEmail":"","legalUrl":""},"securityDefinitions":{}}